language,date,condition,speaker,duration,start,end,IOI
Mandarin,13010,conv,1,0.109953045,13.44444015,13.55439319,9.094791325
Mandarin,13010,conv,1,0.152389985,13.55439319,13.70678318,6.562111028
Mandarin,13010,conv,1,0.121911988,13.70678318,13.82869516,8.202638785
Mandarin,13010,conv,1,0.155776429,13.82869516,13.98447159,6.419456441
Mandarin,13010,conv,1,0.186254426,13.98447159,14.17072602,5.368999932
Mandarin,13010,conv,1,0.128684876,14.17072602,14.2994109,7.770920954
Mandarin,13010,conv,1,0.135457764,14.2994109,14.43486866,7.382374907
Mandarin,13010,conv,1,0.087763844,15.38077692,15.46854076,11.39421374
Mandarin,13010,conv,1,0.088047547,15.46854076,15.55658831,11.35749986
Mandarin,13010,conv,1,0.196413758,15.55658831,15.75300207,5.091293039
Mandarin,13010,conv,1,0.233664643,15.75300207,15.98666671,4.279637627
Mandarin,13010,conv,1,0.159162873,15.98666671,16.14582959,6.282872261
Mandarin,13010,conv,1,0.75856348,16.14582959,16.90439307,1.318281233
Mandarin,13010,conv,1,0.257369752,16.90439307,17.16176282,3.885460477
Mandarin,13010,conv,1,0.338644411,17.16176282,17.50040723,2.952949963
Mandarin,13010,conv,1,0.1151391,17.50040723,17.61554633,8.685146949
Mandarin,13010,conv,1,0.267458159,17.61554633,17.88300449,3.73890258
Mandarin,13010,conv,1,0.407534573,19.92548231,20.33301688,2.45377955
Mandarin,13010,conv,1,0.535058169,20.33301688,20.86807505,1.868955673
Mandarin,13010,conv,1,0.193027314,21.05094303,21.24397034,5.18061397
Mandarin,13010,conv,1,0.126145043,21.24397034,21.37011539,7.92738245
Mandarin,13010,conv,1,0.108366211,21.37011539,21.4784816,9.227968633
Mandarin,13010,conv,1,0.104979767,21.4784816,21.58346137,9.525645041
Mandarin,13010,conv,1,0.149003541,21.58346137,21.73246491,6.711249915
Mandarin,13010,conv,1,0.105786969,21.73246491,21.83825188,9.452960137
Mandarin,13010,conv,1,0.07450177,21.83825188,21.91275365,13.42249983
Mandarin,13010,conv,1,0.169322205,21.91275365,22.08207585,5.905899925
Mandarin,13010,conv,1,0.067728882,22.08207585,22.14980473,14.76474981
Mandarin,13010,conv,1,0.169322205,22.14980473,22.31912694,5.905899925
Mandarin,13010,conv,1,0.182588226,22.50538136,22.68796959,5.476804407
Mandarin,13010,conv,5,0.104133156,23.93332991,24.03746307,9.603089309
Mandarin,13010,conv,5,0.163395928,24.03746307,24.200859,6.12010355
Mandarin,13010,conv,5,0.144770486,24.200859,24.34562948,6.907485293
Mandarin,13010,conv,5,0.157469651,24.34562948,24.50309914,6.350430027
Mandarin,13010,conv,5,0.112203236,24.50309914,24.61530237,8.912398942
Mandarin,13010,conv,5,0.184957235,24.61530237,24.80025961,5.406655231
Mandarin,13010,conv,5,0.151230507,24.80025961,24.95149011,6.61242246
Mandarin,13010,conv,5,0.110059433,24.95149011,25.06154955,9.085999885
Mandarin,13010,conv,5,0.176095094,25.06154955,25.23764464,5.678749928
Mandarin,13010,conv,2,0.093973824,36.28486134,36.37883516,10.64126113
Mandarin,13010,conv,2,0.286154527,36.37883516,36.66498969,3.49461534
Mandarin,13010,conv,2,0.352190187,36.66498969,37.01717987,2.839374964
Mandarin,13010,conv,2,0.069422104,37.17540337,37.24482547,14.40463396
Mandarin,13010,conv,2,0.088047547,37.24482547,37.33287302,11.35749986
Mandarin,13010,conv,2,0.213345979,37.33287302,37.546219,4.687222163
Mandarin,13010,conv,2,0.143923875,37.546219,37.69014287,6.948117559
Mandarin,13010,conv,2,0.086354325,37.69014287,37.7764972,11.58019593
Mandarin,13010,conv,2,0.077888214,37.7764972,37.85438541,12.83891288
Mandarin,13010,conv,2,0.101593323,37.85438541,37.95597873,9.843166542
Mandarin,13010,conv,2,0.196413758,37.95597873,38.15239249,5.091293039
Mandarin,13010,conv,2,0.303179516,38.15239249,38.45557201,3.298375872
Mandarin,13010,conv,2,0.09845458,38.81559945,38.91405403,10.15696777
Mandarin,13010,conv,2,0.109667538,38.91405403,39.02372157,9.118468571
Mandarin,13010,conv,2,0.089740769,39.26793744,39.35767821,11.14320741
Mandarin,13010,conv,2,0.079581437,39.35767821,39.43725964,12.56574452
Mandarin,13010,conv,2,0.163251734,39.43725964,39.60051138,6.125509204
Mandarin,13010,conv,2,0.121911988,39.60051138,39.72242336,8.202638785
Mandarin,13010,conv,2,0.064342438,39.72242336,39.7867658,15.54184191
Mandarin,13010,conv,2,0.079581437,39.7867658,39.86634724,12.56574452
Mandarin,13010,conv,2,0.157469651,39.86634724,40.02381689,6.350430027
Mandarin,13010,conv,2,0.220118867,40.02381689,40.24393576,4.542999943
Mandarin,13010,conv,2,0.401892536,40.24393576,40.64582829,2.488227348
Mandarin,13010,conv,4,0.213345979,42.60674062,42.8200866,4.687222163
Mandarin,13010,conv,4,0.172708649,42.8200866,42.99279525,5.790097966
Mandarin,13010,conv,4,0.118525544,42.99279525,43.11132079,8.436999893
Mandarin,13010,conv,4,0.128684876,43.11132079,43.24000567,7.770920954
Mandarin,13010,conv,2,0.06705282,46.0030159,46.07006872,14.91361589
Mandarin,13010,conv,2,0.098206879,46.07006872,46.1682756,10.18258608
Mandarin,13010,conv,2,0.069422104,46.1682756,46.23769771,14.40463396
Mandarin,13010,conv,2,0.110059433,46.23769771,46.34775714,9.085999885
Mandarin,13010,conv,2,0.184561204,46.34775714,46.53231834,5.418256812
Mandarin,13010,conv,2,0.101593323,46.53231834,46.63391167,9.843166542
Mandarin,13010,conv,2,0.242130754,46.63391167,46.87604242,4.129999948
Mandarin,13010,conv,4,0.150696763,49.28758431,49.43828107,6.635842613
Mandarin,13010,conv,4,0.248903642,49.43828107,49.68718471,4.017618997
Mandarin,13010,conv,4,0.18964087,49.68718471,49.87682558,5.273124933
Mandarin,13010,conv,4,0.196413758,49.87682558,50.07323934,5.091293039
Mandarin,13010,conv,3,0.172708649,71.04832238,71.22103103,5.790097966
Mandarin,13010,conv,3,0.450397066,71.22103103,71.67142809,2.22026313
Mandarin,13010,conv,3,0.62649216,71.67142809,72.29792025,1.596189169
Mandarin,13010,conv,3,0.338644411,72.65645777,72.99510219,2.952949963
Mandarin,13010,conv,3,0.182867982,73.14749217,73.33036015,5.468425857
Mandarin,13010,conv,3,0.094820435,73.50984169,73.60466212,10.54624987
Mandarin,13010,conv,3,0.111752656,73.60466212,73.71641478,8.94833322
Mandarin,13010,conv,3,0.182867982,73.71641478,73.89928276,5.468425857
Mandarin,13010,conv,3,0.162549317,73.89928276,74.06183208,6.151979089
Mandarin,13010,conv,3,0.18964087,74.06183208,74.25147295,5.273124933
Mandarin,13010,conv,3,0.22632435,74.25147295,74.4777973,4.418437521
Mandarin,13010,conv,3,0.206573091,74.4777973,74.68437039,4.840901578
Mandarin,13010,conv,3,0.45378351,74.68437039,75.1381539,2.203694002
Mandarin,13010,conv,3,0.213345979,75.25113876,75.46448474,4.687222163
Mandarin,13010,conv,3,0.230278199,75.46448474,75.69476294,4.342573474
Mandarin,13010,conv,3,0.138844208,76.57308417,76.71192838,7.202316982
Mandarin,13010,conv,3,0.121911988,76.71192838,76.83384036,8.202638785
Mandarin,13010,conv,3,0.104979767,76.83384036,76.93882013,9.525645041
Mandarin,13010,conv,3,0.199800202,76.93882013,77.13862033,5.004999937
Mandarin,13010,conv,3,0.152389985,77.13862033,77.29101032,6.562111028
Mandarin,13010,conv,3,0.182867982,77.29101032,77.4738783,5.468425857
Mandarin,13010,conv,3,0.098206879,77.4738783,77.57208518,10.18258608
Mandarin,13010,conv,3,0.125298432,77.57208518,77.69738361,7.980945845
Mandarin,13010,conv,3,0.149003541,77.69738361,77.84638715,6.711249915
Mandarin,13010,conv,3,0.138844208,77.84638715,77.98523136,7.202316982
Mandarin,13010,conv,3,0.216732423,77.98523136,78.20196378,4.613984317
Mandarin,13010,conv,3,0.094820435,79.27814375,79.37296419,10.54624987
Mandarin,13010,conv,3,0.13207132,79.37296419,79.50503551,7.571666571
Mandarin,13010,conv,3,0.169322205,79.50503551,79.67435771,5.905899925
Mandarin,13010,conv,3,0.416532625,79.67435771,80.09089034,2.400772327
Mandarin,13010,conv,4,0.092524345,83.37879941,83.47132375,10.80796627
Mandarin,13010,conv,4,0.149003541,83.47132375,83.62032729,6.711249915
Mandarin,13010,conv,4,0.507966616,83.62032729,84.12829391,1.968633308
Mandarin,13010,conv,4,0.216732423,84.12829391,84.34502633,4.613984317
Mandarin,13010,conv,4,0.389441072,84.34502633,84.73446741,2.567782576
Mandarin,13010,conv,4,0.142230653,84.93038468,85.07261534,7.030833244
Mandarin,13010,conv,4,0.186254426,85.07261534,85.25886976,5.368999932
Mandarin,13010,conv,4,0.159162873,85.25886976,85.41803264,6.282872261
Mandarin,13010,conv,4,0.172708649,85.41803264,85.59074128,5.790097966
Mandarin,13010,conv,4,0.142230653,85.59074128,85.73297194,7.030833244
Mandarin,13010,conv,4,0.159162873,85.73297194,85.89213481,6.282872261
Mandarin,13010,conv,4,0.186254426,85.89213481,86.07838924,5.368999932
Mandarin,13010,conv,4,0.152389985,86.07838924,86.23077922,6.562111028
Mandarin,13010,conv,4,0.298007081,86.23077922,86.5287863,3.355624958
Mandarin,13010,conv,4,0.128259322,86.5287863,86.65704562,7.79670423
Mandarin,13010,conv,4,0.108366211,86.65704562,86.76541184,9.227968633
Mandarin,13010,conv,4,0.104979767,86.76541184,86.8703916,9.525645041
Mandarin,13010,conv,4,0.118525544,86.8703916,86.98891715,8.436999893
Mandarin,13010,conv,4,0.118525544,86.98891715,87.10744269,8.436999893
Mandarin,13010,conv,4,0.230278199,87.10744269,87.33772089,4.342573474
Mandarin,13010,conv,4,0.220118867,87.33772089,87.55783976,4.542999943
Mandarin,13010,conv,4,0.230278199,87.55783976,87.78811796,4.342573474
Mandarin,13010,conv,5,0.128684876,101.4475525,101.5762374,7.770920954
Mandarin,13010,conv,5,0.145617097,101.5762374,101.7218545,6.867325495
Mandarin,13010,conv,5,0.165935761,101.7218545,101.8877903,6.026428495
Mandarin,13010,conv,5,0.1151391,101.8877903,102.0029294,8.685146949
Mandarin,13010,conv,5,0.159162873,102.0029294,102.1620922,6.282872261
Mandarin,13010,conv,5,0.193027314,102.1620922,102.3551195,5.18061397
Mandarin,13010,conv,5,0.165935761,104.3284235,104.4943593,6.026428495
Mandarin,13010,conv,5,0.125298432,104.4943593,104.6196577,7.980945845
Mandarin,13010,conv,5,0.162549317,104.6196577,104.782207,6.151979089
Mandarin,13010,conv,5,0.13207132,104.782207,104.9142783,7.571666571
Mandarin,13010,conv,5,0.155776429,104.9142783,105.0700548,6.419456441
Mandarin,13010,conv,5,0.088047547,105.0700548,105.1581023,11.35749986
Mandarin,13010,conv,5,0.237051088,105.1581023,105.3951534,4.218499947
Mandarin,13010,conv,5,0.118525544,105.3951534,105.5136789,8.436999893
Mandarin,13010,conv,5,0.149003541,105.5136789,105.6626825,6.711249915
Mandarin,13010,conv,5,0.138844208,105.6626825,105.8015267,7.202316982
Mandarin,13010,conv,5,0.196413758,108.9150694,109.1114831,5.091293039
Mandarin,13010,conv,5,0.179481538,109.1114831,109.2909646,5.571603703
Mandarin,13010,conv,5,0.138844208,109.2909646,109.4298089,7.202316982
Mandarin,13010,conv,5,0.128684876,109.4298089,109.5584937,7.770920954
Mandarin,13010,conv,5,0.199800202,109.5584937,109.7582939,5.004999937
Mandarin,13010,sing,1,0.500727762,1.748611533,2.249339295,1.997093183
Mandarin,13010,sing,1,0.298007081,2.249339295,2.547346376,3.355624958
Mandarin,13010,sing,1,0.325098634,2.547346376,2.87244501,3.075989544
Mandarin,13010,sing,1,0.223505311,2.87244501,3.095950321,4.47416661
Mandarin,13010,sing,1,0.237051088,3.095950321,3.333001409,4.218499947
Mandarin,13010,sing,1,0.318325746,3.333001409,3.651327155,3.14143613
Mandarin,13010,sing,1,0.365735964,3.651327155,4.017063119,2.734212928
Mandarin,13010,sing,1,0.433464846,4.017063119,4.450527964,2.306992158
Mandarin,13010,sing,1,0.30477997,4.450527964,4.755307934,3.281055514
Mandarin,13010,sing,1,0.250596864,4.755307934,5.005904798,3.990472923
Mandarin,13010,sing,1,0.670981899,5.005904798,5.676886697,1.490353169
Mandarin,13010,sing,2,0.421327888,6.11599774,6.537325629,2.373448394
Mandarin,13010,sing,2,0.277688417,6.537325629,6.815014046,3.601158491
Mandarin,13010,sing,2,0.291234193,6.815014046,7.106248239,3.433662747
Mandarin,13010,sing,2,0.284461305,7.106248239,7.390709544,3.515416622
Mandarin,13010,sing,2,0.257369752,7.390709544,7.648079296,3.885460477
Mandarin,13010,sing,2,0.270915529,7.648079296,7.918994825,3.691187453
Mandarin,13010,sing,2,0.230278199,7.918994825,8.149273024,4.342573474
Mandarin,13010,sing,2,0.467329287,8.149273024,8.616602311,2.139818814
Mandarin,13010,sing,2,0.26414264,8.616602311,8.880744951,3.785833285
Mandarin,13010,sing,2,0.26414264,8.880744951,9.144887591,3.785833285
Mandarin,13010,sing,2,0.926476866,9.144887591,10.07136446,1.079357765
Mandarin,13010,sing,3,0.411964884,10.40865466,10.82061954,2.427391358
Mandarin,13010,sing,3,0.460556399,10.82061954,11.28117594,2.171286737
Mandarin,13010,sing,3,0.507966616,11.28117594,11.78914255,1.968633308
Mandarin,13010,sing,3,0.433464846,11.78914255,12.2226074,2.306992158
Mandarin,13010,sing,3,0.514739504,12.2226074,12.7373469,1.942730239
Mandarin,13010,sing,3,0.487647951,12.7373469,13.22499486,2.050659696
Mandarin,13010,sing,3,0.563331019,13.22499486,13.78832587,1.775155223
Mandarin,13010,sing,4,0.201788749,14.25917721,14.46096596,4.955677693
Mandarin,13010,sing,4,0.237051088,14.46096596,14.69801705,4.218499947
Mandarin,13010,sing,4,0.277688417,14.69801705,14.97570546,3.601158491
Mandarin,13010,sing,4,0.277688417,14.97570546,15.25339388,3.601158491
Mandarin,13010,sing,4,0.440237734,15.25339388,15.69363161,2.271499971
Mandarin,13010,sing,4,0.216732423,15.69363161,15.91036404,4.613984317
Mandarin,13010,sing,4,0.196413758,15.91036404,16.10677779,5.091293039
Mandarin,13010,sing,4,0.440237734,16.10677779,16.54701553,2.271499971
Mandarin,13010,sing,4,0.318325746,16.54701553,16.86534127,3.14143613
Mandarin,13010,sing,4,0.237051088,16.86534127,17.10239236,4.218499947
Mandarin,13010,sing,4,0.487647951,17.10239236,17.59004031,2.050659696
Mandarin,13010,sing,5,0.200163328,18.2043036,18.40446693,4.995920123
Mandarin,13010,sing,5,0.250596864,18.40446693,18.65506379,3.990472923
Mandarin,13010,sing,5,0.237051088,18.65506379,18.89211488,4.218499947
Mandarin,13010,sing,5,0.257369752,18.89211488,19.14948463,3.885460477
Mandarin,13010,sing,5,0.826292362,19.14948463,19.97577699,1.210225395
Mandarin,13010,sing,5,0.284461305,19.97577699,20.2602383,3.515416622
Mandarin,13010,sing,5,0.45378351,20.2602383,20.71402181,2.203694002
Mandarin,13010,sing,5,0.243823976,20.71402181,20.95784578,4.101319393
Mandarin,13010,sing,5,0.216732423,20.95784578,21.1745782,4.613984317
Mandarin,13010,sing,5,0.619356146,21.1745782,21.79393435,1.614579926
Mandarin,13010,sing,1,0.666311318,22.27461466,22.94092597,1.50079996
Mandarin,13010,sing,1,0.467329287,22.94092597,23.40825526,2.139818814
Mandarin,13010,sing,1,0.216732423,23.40825526,23.62498768,4.613984317
Mandarin,13010,sing,1,0.209959535,23.62498768,23.83494722,4.76282252
Mandarin,13010,sing,1,0.162549317,23.83494722,23.99749653,6.151979089
Mandarin,13010,sing,1,0.176095094,23.99749653,24.17359163,5.678749928
Mandarin,13010,sing,2,0.463363116,25.33739079,25.80075391,2.15813466
Mandarin,13010,sing,2,0.521512393,25.80075391,26.3222663,1.917499976
Mandarin,13010,sing,2,0.582468386,26.3222663,26.90473468,1.716831374
Mandarin,13010,sing,2,0.358963075,26.90473468,27.26369776,2.785801852
Mandarin,13010,sing,2,0.535058169,27.26369776,27.79875593,1.868955673
Mandarin,13010,sing,2,0.277688417,27.79875593,28.07644435,3.601158491
Mandarin,13010,sing,2,0.270915529,28.07644435,28.34735987,3.691187453
Mandarin,13010,sing,2,0.776075428,28.34735987,29.1234353,1.288534547
Mandarin,13010,sing,3,0.501648773,29.56347828,30.06512705,1.993426586
Mandarin,13010,sing,3,0.250596864,30.06512705,30.31572391,3.990472923
Mandarin,13010,sing,3,0.331871523,30.31572391,30.64759544,3.013214248
Mandarin,13010,sing,3,0.413146181,30.64759544,31.06074162,2.420450789
Mandarin,13010,sing,3,0.237051088,31.06074162,31.2977927,4.218499947
Mandarin,13010,sing,3,0.26414264,31.2977927,31.56193534,3.785833285
Mandarin,13010,sing,3,0.467329287,31.56193534,32.02926463,2.139818814
Mandarin,13010,sing,3,0.392827516,32.02926463,32.42209215,2.54564652
Mandarin,13010,sing,3,0.405918248,32.42209215,32.8280104,2.463550246
Mandarin,13010,sing,4,0.372508852,33.56161739,33.93412625,2.684499966
Mandarin,13010,sing,4,0.18964087,33.93412625,34.12376712,5.273124933
Mandarin,13010,sing,4,0.270915529,34.12376712,34.39468265,3.691187453
Mandarin,13010,sing,4,0.196413758,34.39468265,34.5910964,5.091293039
Mandarin,13010,sing,4,0.203186646,34.5910964,34.79428305,4.921583271
Mandarin,13010,sing,4,0.270915529,34.79428305,35.06519858,3.691187453
Mandarin,13010,sing,4,0.243823976,35.06519858,35.30902255,4.101319393
Mandarin,13010,sing,4,0.521512393,35.30902255,35.83053495,1.917499976
Mandarin,13010,sing,4,0.250596864,35.83053495,36.08113181,3.990472923
Mandarin,13010,sing,4,0.230278199,36.08113181,36.31141001,4.342573474
Mandarin,13010,sing,4,0.550467809,36.31141001,36.86187782,1.816636656
Mandarin,13010,sing,5,0.386997481,37.22904444,37.61604193,2.583996145
Mandarin,13010,sing,5,0.480875063,37.61604193,38.09691699,2.079542227
Mandarin,13010,sing,5,0.426691958,38.09691699,38.52360895,2.343611081
Mandarin,13010,sing,5,0.257369752,38.52360895,38.7809787,3.885460477
Mandarin,13010,sing,5,0.270915529,38.7809787,39.05189423,3.691187453
Mandarin,13010,sing,5,0.386054628,39.05189423,39.43794886,2.590306985
Mandarin,13010,sing,5,0.284461305,39.43794886,39.72241016,3.515416622
Mandarin,13010,sing,5,0.223505311,39.72241016,39.94591547,4.47416661
Mandarin,13010,sing,5,0.521512393,39.94591547,40.46742786,1.917499976
Mandarin,13010,sing,1,0.41080543,40.89531204,41.30611747,2.43424241
Mandarin,13010,sing,1,0.291234193,41.30611747,41.59735166,3.433662747
Mandarin,13010,sing,1,0.311552858,41.59735166,41.90890452,3.20972822
Mandarin,13010,sing,1,0.372508852,41.90890452,42.28141337,2.684499966
Mandarin,13010,sing,1,0.243823976,42.28141337,42.52523735,4.101319393
Mandarin,13010,sing,1,0.237051088,42.52523735,42.76228844,4.218499947
Mandarin,13010,sing,1,0.447010622,42.76228844,43.20929906,2.237083305
Mandarin,13010,sing,1,0.237051088,43.20929906,43.44635015,4.218499947
Mandarin,13010,sing,1,0.298007081,43.44635015,43.74435723,3.355624958
Mandarin,13010,sing,1,0.42225982,43.74435723,44.16661705,2.368210168
Mandarin,13010,sing,2,0.205743999,44.69446913,44.90021312,4.860409086
Mandarin,13010,sing,2,0.203186646,44.90021312,45.10339977,4.921583271
Mandarin,13010,sing,2,0.250596864,45.10339977,45.35399663,3.990472923
Mandarin,13010,sing,2,0.270915529,45.35399663,45.62491216,3.691187453
Mandarin,13010,sing,2,0.602787051,45.62491216,46.22769921,1.658960653
Mandarin,13010,sing,2,0.338644411,46.22769921,46.56634362,2.952949963
Mandarin,13010,sing,2,0.413146181,46.56634362,46.97948981,2.420450789
Mandarin,13010,sing,2,0.250596864,46.97948981,47.23008667,3.990472923
Mandarin,13010,sing,2,0.284461305,47.23008667,47.51454797,3.515416622
Mandarin,13010,sing,2,0.688277246,47.51454797,48.20282522,1.452902891
Mandarin,13010,sing,3,0.523387178,48.75799637,49.28138355,1.910631446
Mandarin,13010,sing,3,0.514739504,49.28138355,49.79612306,1.942730239
Mandarin,13010,sing,3,0.372508852,49.79612306,50.16863191,2.684499966
Mandarin,13010,sing,3,0.325098634,50.16863191,50.49373054,3.075989544
Mandarin,13010,sing,4,0.457294637,52.15638268,52.61367732,2.186773951
Mandarin,13010,sing,4,0.45378351,52.61367732,53.06746083,2.203694002
Mandarin,13010,sing,4,0.616332828,53.06746083,53.68379366,1.622499979
Mandarin,13010,sing,4,0.237051088,53.68379366,53.92084474,4.218499947
Mandarin,13010,sing,4,0.284461305,53.92084474,54.20530605,3.515416622
Mandarin,13010,sing,4,0.209959535,54.20530605,54.41526558,4.76282252
Mandarin,13010,sing,4,0.447010622,54.41526558,54.8622762,2.237083305
Mandarin,13010,sing,4,0.382543502,54.8622762,55.24481971,2.614081786
Mandarin,13010,sing,5,0.361553191,57.7487188,58.11027199,2.765844761
Mandarin,13010,sing,5,0.237051088,58.11027199,58.34732308,4.218499947
Mandarin,13010,sing,5,0.237051088,58.34732308,58.58437417,4.218499947
Mandarin,13010,sing,5,0.18964087,58.58437417,58.77401504,5.273124933
Mandarin,13010,sing,5,0.223505311,58.77401504,58.99752035,4.47416661
Mandarin,13010,sing,5,0.223505311,58.99752035,59.22102566,4.47416661
Mandarin,13010,sing,5,0.216732423,59.22102566,59.43775808,4.613984317
Mandarin,13010,sing,5,0.440237734,59.43775808,59.87799582,2.271499971
Mandarin,13010,sing,5,0.196413758,59.87799582,60.07440958,5.091293039
Mandarin,13010,sing,5,0.250596864,60.07440958,60.32500644,3.990472923
Mandarin,13010,sing,5,0.76697271,60.32500644,61.09197915,1.303827356
Mandarin,13010,sing,1,0.409873498,61.32999493,61.73986843,2.439777162
Mandarin,13010,sing,1,0.237051088,61.73986843,61.97691952,4.218499947
Mandarin,13010,sing,1,0.284461305,61.97691952,62.26138082,3.515416622
Mandarin,13010,sing,2,0.413384625,65.07169623,65.48508085,2.419054653
Mandarin,13010,sing,3,0.423896162,70.6477017,71.07159786,2.359068305
Mandarin,13010,sing,3,0.30477997,71.07159786,71.37637783,3.281055514
Mandarin,13010,sing,3,0.250596864,71.37637783,71.6269747,3.990472923
Mandarin,13010,sing,3,0.318325746,71.6269747,71.94530044,3.14143613
Mandarin,13010,sing,3,0.230278199,71.94530044,72.17557864,4.342573474
Mandarin,13010,sing,3,0.243823976,72.17557864,72.41940262,4.101319393
Mandarin,13010,sing,3,0.426691958,72.41940262,72.84609457,2.343611081
Mandarin,13010,sing,3,0.209959535,72.84609457,73.05605411,4.76282252
Mandarin,13010,sing,3,0.196413758,73.05605411,73.25246787,5.091293039
Mandarin,13010,sing,3,0.578491294,73.25246787,73.83095916,1.728634485
Mandarin,13011,conv,6,0.250596864,3.50278958,3.753386444,3.990472923
Mandarin,13011,conv,6,0.230278199,3.753386444,3.983664643,4.342573474
Mandarin,13011,conv,6,0.162549317,3.983664643,4.146213961,6.151979089
Mandarin,13011,conv,6,0.116832322,4.146213961,4.263046282,8.559275254
Mandarin,13011,conv,6,0.13207132,4.263046282,4.395117602,7.571666571
Mandarin,13011,conv,6,0.18964087,4.395117602,4.584758472,5.273124933
Mandarin,13011,conv,6,0.121911988,4.584758472,4.70667046,8.202638785
Mandarin,13011,conv,6,0.145617097,4.70667046,4.852287557,6.867325495
Mandarin,13011,conv,6,0.109712062,4.852287557,4.961999619,9.11476808
Mandarin,13011,conv,6,0.138844208,4.961999619,5.100843827,7.202316982
Mandarin,13011,conv,6,0.094820435,5.100843827,5.195664262,10.54624987
Mandarin,13011,conv,6,0.186254426,5.195664262,5.381918688,5.368999932
Mandarin,13011,conv,6,0.220118867,5.381918688,5.602037555,4.542999943
Mandarin,13011,conv,6,0.253983308,5.602037555,5.856020863,3.937266617
Mandarin,13011,conv,6,0.111752656,5.856020863,5.967773519,8.94833322
Mandarin,13011,conv,6,0.145617097,5.967773519,6.113390615,6.867325495
Mandarin,13011,conv,6,0.250596864,6.113390615,6.363987479,3.990472923
Mandarin,13011,conv,6,0.298007081,6.918455413,7.216462495,3.355624958
Mandarin,13011,conv,6,0.135457764,8.006076225,8.141533989,7.382374907
Mandarin,13011,conv,6,0.186254426,8.141533989,8.327788415,5.368999932
Mandarin,13011,conv,6,0.1151391,8.327788415,8.442927515,8.685146949
Mandarin,13011,conv,6,0.172708649,8.442927515,8.615636164,5.790097966
Mandarin,13011,conv,6,0.101593323,8.615636164,8.717229488,9.843166542
Mandarin,13011,conv,6,0.138844208,8.717229488,8.856073696,7.202316982
Mandarin,13011,conv,6,0.081274659,8.856073696,8.937348355,12.30395818
Mandarin,13011,conv,6,0.121911988,8.937348355,9.059260342,8.202638785
Mandarin,13011,conv,6,0.193027314,9.059260342,9.252287657,5.18061397
Mandarin,13011,conv,6,0.091433991,9.448384976,9.539818967,10.93685171
Mandarin,13011,conv,6,0.091433991,9.539818967,9.631252958,10.93685171
Mandarin,13011,conv,6,0.088047547,9.631252958,9.719300505,11.35749986
Mandarin,13011,conv,7,0.345417299,25.6557246,26.0011419,2.895048983
Mandarin,13011,conv,7,0.240437532,26.0011419,26.24157943,4.159084454
Mandarin,13011,conv,7,0.149003541,26.24157943,26.39058298,6.711249915
Mandarin,13011,conv,7,0.155776429,26.39058298,26.5463594,6.419456441
Mandarin,13011,conv,7,0.1151391,26.5463594,26.6614985,8.685146949
Mandarin,13011,conv,7,0.1151391,26.6614985,26.7766376,8.685146949
Mandarin,13011,conv,7,0.104979767,32.12832338,32.23330315,9.525645041
Mandarin,13011,conv,7,0.233664643,32.23330315,32.46696779,4.279637627
Mandarin,13011,conv,7,0.396213961,32.46696779,32.86318176,2.523888857
Mandarin,13011,conv,7,0.18964087,32.86318176,33.05282263,5.273124933
Mandarin,13011,conv,7,0.101593323,33.05282263,33.15441595,9.843166542
Mandarin,13011,conv,7,0.243823976,33.15441595,33.39823992,4.101319393
Mandarin,13011,conv,7,0.182867982,33.39823992,33.58110791,5.468425857
Mandarin,13011,conv,7,0.091433991,33.58110791,33.6725419,10.93685171
Mandarin,13011,conv,7,0.274301973,33.6725419,33.94684387,3.645617238
Mandarin,13011,conv,7,0.45378351,33.94684387,34.40062738,2.203694002
Mandarin,13011,conv,7,0.237051088,35.02826405,35.26531513,4.218499947
Mandarin,13011,conv,7,0.250596864,35.26531513,35.515912,3.990472923
Mandarin,13011,conv,7,0.480875063,35.515912,35.99678706,2.079542227
Mandarin,13011,conv,7,0.149003541,36.25561776,36.4046213,6.711249915
Mandarin,13011,conv,7,0.125298432,36.4046213,36.52991973,7.980945845
Mandarin,13011,conv,7,0.182867982,36.52991973,36.71278771,5.468425857
Mandarin,13011,conv,7,0.152389985,36.71278771,36.8651777,6.562111028
Mandarin,13011,conv,7,0.121911988,36.8651777,36.98708969,8.202638785
Mandarin,13011,conv,7,0.149003541,36.98708969,37.13609323,6.711249915
Mandarin,13011,conv,7,0.098206879,41.60791621,41.70612309,10.18258608
Mandarin,13011,conv,7,0.135457764,41.70612309,41.84158085,7.382374907
Mandarin,13011,conv,7,0.155776429,41.84158085,41.99735728,6.419456441
Mandarin,13011,conv,7,0.138844208,41.99735728,42.13620149,7.202316982
Mandarin,13011,conv,7,0.125298432,42.13620149,42.26149992,7.980945845
Mandarin,13011,conv,8,0.138844208,51.07881065,51.21765485,7.202316982
Mandarin,13011,conv,8,0.169322205,51.21765485,51.38697706,5.905899925
Mandarin,13011,conv,8,0.128684876,51.38697706,51.51566194,7.770920954
Mandarin,13011,conv,8,0.179481538,51.51566194,51.69514347,5.571603703
Mandarin,13011,conv,8,0.067728882,51.69514347,51.76287236,14.76474981
Mandarin,13011,conv,8,0.230278199,51.76287236,51.99315055,4.342573474
Mandarin,13011,conv,8,0.220118867,51.99315055,52.21326942,4.542999943
Mandarin,13011,conv,8,0.1151391,52.44132589,52.55646499,8.685146949
Mandarin,13011,conv,8,0.101593323,52.55646499,52.65805831,9.843166542
Mandarin,13011,conv,8,0.162549317,52.65805831,52.82060763,6.151979089
Mandarin,13011,conv,8,0.13207132,52.82060763,52.95267895,7.571666571
Mandarin,13011,conv,8,0.118525544,52.95267895,53.0712045,8.436999893
Mandarin,13011,conv,8,0.071115326,53.0712045,53.14231982,14.06166649
Mandarin,13011,conv,8,0.132347343,53.14231982,53.27466716,7.555875148
Mandarin,13011,conv,8,0.108366211,53.27466716,53.38303338,9.227968633
Mandarin,13011,conv,8,0.104979767,53.38303338,53.48801314,9.525645041
Mandarin,13011,conv,8,0.1151391,53.48801314,53.60315224,8.685146949
Mandarin,13011,conv,8,0.108366211,53.60315224,53.71151845,9.227968633
Mandarin,13011,conv,8,0.125298432,53.71151845,53.83681689,7.980945845
Mandarin,13011,conv,8,0.155776429,53.83681689,53.99259332,6.419456441
Mandarin,13011,conv,8,0.237051088,53.99259332,54.2296444,4.218499947
Mandarin,13011,conv,8,0.159162873,54.2296444,54.38880728,6.282872261
Mandarin,13011,conv,8,0.088047547,54.38880728,54.47685482,11.35749986
Mandarin,13011,conv,8,0.138844208,54.47685482,54.61569903,7.202316982
Mandarin,13011,conv,8,0.142230653,54.61569903,54.75792968,7.030833244
Mandarin,13011,conv,8,0.152389985,54.75792968,54.91031967,6.562111028
Mandarin,13011,conv,8,0.077888214,55.24909199,55.3269802,12.83891288
Mandarin,13011,conv,8,0.091433991,55.3269802,55.41841419,10.93685171
Mandarin,13011,conv,8,0.081274659,55.41841419,55.49968885,12.30395818
Mandarin,13011,conv,8,0.155776429,55.49968885,55.65546528,6.419456441
Mandarin,13011,conv,9,0.10788849,80.71416156,80.82205005,9.268829308
Mandarin,13011,conv,9,0.182867982,80.82205005,81.00491804,5.468425857
Mandarin,13011,conv,9,0.138844208,81.00491804,81.14376224,7.202316982
Mandarin,13011,conv,9,0.146094818,81.14376224,81.28985706,6.844869755
Mandarin,13011,conv,9,0.22302759,81.28985706,81.51288465,4.483750197
Mandarin,13011,conv,9,0.186254426,81.51288465,81.69913908,5.368999932
Mandarin,13011,conv,9,0.142230653,81.69913908,81.84136973,7.030833244
Mandarin,13011,conv,9,0.142230653,81.84136973,81.98360038,7.030833244
Mandarin,13011,conv,9,0.241454131,81.98360038,82.22505451,4.141573375
Mandarin,13011,conv,9,0.094820435,82.22505451,82.31987495,10.54624987
Mandarin,13011,conv,9,0.125298432,82.31987495,82.44517338,7.980945845
Mandarin,13011,conv,9,0.176095094,82.44517338,82.62126847,5.678749928
Mandarin,13011,conv,9,0.169322205,82.62126847,82.79059068,5.905899925
Mandarin,13011,conv,9,0.284461305,82.79059068,83.07505198,3.515416622
Mandarin,13011,conv,9,0.138844208,83.07505198,83.21389619,7.202316982
Mandarin,13011,conv,9,0.243285098,83.21389619,83.45718129,4.110403842
Mandarin,13011,conv,9,0.1151391,84.35053628,84.46567538,8.685146949
Mandarin,13011,conv,9,0.108366211,84.46567538,84.57404159,9.227968633
Mandarin,13011,conv,9,0.277688417,84.57404159,84.85173001,3.601158491
Mandarin,13011,conv,9,0.237051088,84.85173001,85.0887811,4.218499947
Mandarin,13011,conv,9,0.176095094,85.0887811,85.26487619,5.678749928
Mandarin,13011,conv,9,0.237051088,85.26487619,85.50192728,4.218499947
Mandarin,13011,conv,9,0.121911988,85.50192728,85.62383927,8.202638785
Mandarin,13011,conv,9,0.104979767,85.62383927,85.72881903,9.525645041
Mandarin,13011,conv,9,0.186254426,85.72881903,85.91507346,5.368999932
Mandarin,13011,conv,9,0.189048409,85.91507346,86.10412187,5.289650446
Mandarin,13011,conv,9,0.26414264,86.10412187,86.36826451,3.785833285
Mandarin,13011,conv,9,0.169322205,86.36826451,86.53758671,5.905899925
Mandarin,13011,conv,9,0.162549317,86.53758671,86.70013603,6.151979089
Mandarin,13011,conv,9,0.138844208,86.70013603,86.83898024,7.202316982
Mandarin,13011,conv,10,0.126991654,110.3180413,110.4450329,7.874533234
Mandarin,13011,conv,10,0.30477997,110.4450329,110.7498129,3.281055514
Mandarin,13011,conv,10,0.149003541,110.7498129,110.8988165,6.711249915
Mandarin,13011,conv,10,0.094820435,110.8988165,110.9936369,10.54624987
Mandarin,13011,conv,10,0.213345979,110.9936369,111.2069829,4.687222163
Mandarin,13011,conv,10,0.145617097,111.2069829,111.3526,6.867325495
Mandarin,13011,conv,10,0.135457764,111.3526,111.4880577,7.382374907
Mandarin,13011,conv,10,0.331871523,111.4880577,111.8199293,3.013214248
Mandarin,13011,conv,10,0.416532625,111.8199293,112.2364619,2.400772327
Mandarin,13011,conv,10,0.233664643,112.2364619,112.4701265,4.279637627
Mandarin,13011,conv,10,0.237051088,112.4701265,112.7071776,4.218499947
Mandarin,13011,conv,10,0.394520738,112.7071776,113.1016984,2.534720998
Mandarin,13011,conv,10,0.26414264,113.5487063,113.8128489,3.785833285
Mandarin,13011,conv,10,0.491034396,113.8128489,114.3038833,2.036517216
Mandarin,13011,conv,10,0.32171219,114.3038833,114.6255955,3.108368382
Mandarin,13011,conv,10,0.328485078,114.6255955,114.9540806,3.044278312
Mandarin,13011,conv,10,0.32171219,114.9540806,115.2757928,3.108368382
Mandarin,13011,conv,10,0.240437532,115.2757928,115.5162303,4.159084454
Mandarin,13011,conv,10,0.30477997,115.5162303,115.8210103,3.281055514
Mandarin,13011,conv,10,0.176095094,115.8210103,115.9971054,5.678749928
Mandarin,13011,conv,10,0.17563054,115.9971054,116.1727359,5.693770573
Mandarin,13011,conv,10,0.196413758,116.1727359,116.3691497,5.091293039
Mandarin,13011,conv,10,0.257369752,116.3691497,116.6265194,3.885460477
Mandarin,13011,conv,10,0.213345979,116.6265194,116.8398654,4.687222163
Mandarin,13011,conv,10,0.179481538,116.8398654,117.019347,5.571603703
Mandarin,13011,conv,10,0.274301973,117.019347,117.2936489,3.645617238
Mandarin,13011,conv,10,0.172708649,117.2936489,117.4663576,5.790097966
Mandarin,13011,conv,10,0.237051088,117.4663576,117.7034087,4.218499947
Mandarin,13011,conv,10,0.165935761,119.6983003,119.864236,6.026428495
Mandarin,13011,conv,10,0.159162873,119.864236,120.0233989,6.282872261
Mandarin,13011,sing,6,0.449932477,4.557313737,5.007246214,2.222555719
Mandarin,13011,sing,6,0.311552858,5.007246214,5.318799072,3.20972822
Mandarin,13011,sing,6,0.26414264,5.318799072,5.582941713,3.785833285
Mandarin,13011,sing,6,0.426691958,5.582941713,6.00963367,2.343611081
Mandarin,13011,sing,6,0.345417299,6.00963367,6.355050969,2.895048983
Mandarin,13011,sing,6,0.26414264,6.355050969,6.619193609,3.785833285
Mandarin,13011,sing,6,0.433464846,6.619193609,7.052658455,2.306992158
Mandarin,13011,sing,6,0.37928174,7.052658455,7.431940195,2.636562467
Mandarin,13011,sing,6,0.505044761,7.431940195,7.936984956,1.980022518
Mandarin,13011,sing,7,0.277688417,9.371145353,9.64883377,3.601158491
Mandarin,13011,sing,7,0.26414264,9.64883377,9.91297641,3.785833285
Mandarin,13011,sing,7,0.223505311,9.91297641,10.13648172,4.47416661
Mandarin,13011,sing,7,0.386054628,10.13648172,10.52253635,2.590306985
Mandarin,13011,sing,7,0.30477997,10.52253635,10.82731632,3.281055514
Mandarin,13011,sing,7,0.426691958,10.82731632,11.25400828,2.343611081
Mandarin,13011,sing,7,0.30477997,11.25400828,11.55878825,3.281055514
Mandarin,13011,sing,7,0.352190187,11.55878825,11.91097843,2.839374964
Mandarin,13011,sing,7,0.405089615,11.91097843,12.31606805,2.468589573
Mandarin,13011,sing,8,0.462468483,12.98229786,13.44476634,2.162309511
Mandarin,13011,sing,8,0.501193728,13.44476634,13.94596007,1.995236461
Mandarin,13011,sing,8,0.514739504,13.94596007,14.46069957,1.942730239
Mandarin,13011,sing,8,0.277688417,14.46069957,14.73838799,3.601158491
Mandarin,13011,sing,8,0.30477997,14.73838799,15.04316796,3.281055514
Mandarin,13011,sing,8,0.45378351,15.04316796,15.49695147,2.203694002
Mandarin,13011,sing,8,0.467329287,15.49695147,15.96428076,2.139818814
Mandarin,13011,sing,8,0.627966519,15.96428076,16.59224728,1.592441586
Mandarin,13011,sing,9,0.535058169,17.11493589,17.64999406,1.868955673
Mandarin,13011,sing,9,0.352190187,17.64999406,18.00218425,2.839374964
Mandarin,13011,sing,9,0.230278199,18.00218425,18.23246245,4.342573474
Mandarin,13011,sing,9,0.216732423,18.23246245,18.44919487,4.613984317
Mandarin,13011,sing,9,0.243823976,18.44919487,18.69301884,4.101319393
Mandarin,13011,sing,9,0.37928174,18.69301884,19.07230058,2.636562467
Mandarin,13011,sing,9,0.30477997,19.07230058,19.37708055,3.281055514
Mandarin,13011,sing,9,0.365735964,19.37708055,19.74281652,2.734212928
Mandarin,13011,sing,9,0.311552858,19.74281652,20.05436938,3.20972822
Mandarin,13011,sing,9,0.284461305,20.05436938,20.33883068,3.515416622
Mandarin,13011,sing,9,0.656970157,20.33883068,20.99580084,1.522139156
Mandarin,13011,sing,10,0.269959486,21.64843114,21.91839063,3.704259532
Mandarin,13011,sing,10,0.250596864,21.91839063,22.16898749,3.990472923
Mandarin,13011,sing,10,0.45378351,22.16898749,22.622771,2.203694002
Mandarin,13011,sing,10,0.582468386,22.622771,23.20523939,1.716831374
Mandarin,13011,sing,10,0.413146181,23.63193135,24.04507753,2.420450789
Mandarin,13011,sing,10,0.460556399,24.04507753,24.50563393,2.171286737
Mandarin,13011,sing,10,0.372508852,24.50563393,24.87814278,2.684499966
Mandarin,13011,sing,10,0.209959535,24.87814278,25.08810231,4.76282252
Mandarin,13011,sing,10,0.766292411,25.08810231,25.85439472,1.304984868
Mandarin,13011,sing,6,0.582742294,26.43645488,27.01919718,1.716024408
Mandarin,13011,sing,6,0.30477997,27.01919718,27.32397715,3.281055514
Mandarin,13011,sing,6,0.270915529,27.32397715,27.59489267,3.691187453
Mandarin,13011,sing,6,0.514739504,27.59489267,28.10963218,1.942730239
Mandarin,13011,sing,6,0.318325746,28.10963218,28.42795793,3.14143613
Mandarin,13011,sing,6,0.237051088,28.42795793,28.66500901,4.218499947
Mandarin,13011,sing,6,0.439963826,28.66500901,29.10497284,2.272914136
Mandarin,13011,sing,7,0.536642618,29.64606803,30.18271065,1.863437539
Mandarin,13011,sing,7,0.345417299,30.18271065,30.52812795,2.895048983
Mandarin,13011,sing,7,0.284461305,30.52812795,30.81258926,3.515416622
Mandarin,13011,sing,7,0.819519474,30.81258926,31.63210873,1.220227257
Mandarin,13011,sing,7,0.338644411,31.63210873,31.97075314,2.952949963
Mandarin,13011,sing,7,0.196413758,31.97075314,32.1671669,5.091293039
Mandarin,13011,sing,7,0.270915529,32.1671669,32.43808243,3.691187453
Mandarin,13011,sing,7,0.250596864,32.43808243,32.68867929,3.990472923
Mandarin,13011,sing,7,0.257369752,32.68867929,32.94604904,3.885460477
Mandarin,13011,sing,7,0.596014163,32.94604904,33.54206321,1.677812479
Mandarin,13011,sing,8,0.491198213,34.32892132,34.82011954,2.035838024
Mandarin,13011,sing,8,0.216732423,34.82011954,35.03685196,4.613984317
Mandarin,13011,sing,8,0.18964087,35.03685196,35.22649283,5.273124933
Mandarin,13011,sing,8,0.311552858,35.22649283,35.53804569,3.20972822
Mandarin,13011,sing,8,0.26414264,35.53804569,35.80218833,3.785833285
Mandarin,13011,sing,8,0.277688417,35.80218833,36.07987675,3.601158491
Mandarin,13011,sing,8,0.243823976,36.07987675,36.32370072,4.101319393
Mandarin,13011,sing,8,0.528285281,36.32370072,36.851986,1.892916643
Mandarin,13011,sing,8,0.237051088,36.851986,37.08903709,4.218499947
Mandarin,13011,sing,8,0.230278199,37.08903709,37.31931529,4.342573474
Mandarin,13011,sing,8,0.666965671,37.31931529,37.98628096,1.499327541
Mandarin,13011,sing,9,0.469268235,38.50443641,38.97370464,2.130977391
Mandarin,13011,sing,9,0.237051088,38.97370464,39.21075573,4.218499947
Mandarin,13011,sing,9,0.311552858,39.21075573,39.52230859,3.20972822
Mandarin,13011,sing,9,0.338644411,39.52230859,39.860953,2.952949963
Mandarin,13011,sing,9,0.270915529,39.860953,40.13186853,3.691187453
Mandarin,13011,sing,9,0.26414264,40.13186853,40.39601117,3.785833285
Mandarin,13011,sing,9,0.250596864,40.39601117,40.64660803,3.990472923
Mandarin,13011,sing,9,0.541831057,40.64660803,41.18843909,1.845593727
Mandarin,13011,sing,9,0.250596864,41.18843909,41.43903595,3.990472923
Mandarin,13011,sing,9,0.270915529,41.43903595,41.70995148,3.691187453
Mandarin,13011,sing,9,0.546664997,41.70995148,42.25661648,1.829273881
Mandarin,13011,sing,10,0.41508513,42.89671078,43.31179591,2.409144362
Mandarin,13011,sing,10,0.616332828,43.31179591,43.92812873,1.622499979
Mandarin,13011,sing,10,0.616332828,43.92812873,44.54446156,1.622499979
Mandarin,13011,sing,10,0.358963075,44.54446156,44.90342464,2.785801852
Mandarin,13011,sing,10,0.30477997,44.90342464,45.20820461,3.281055514
Mandarin,13011,sing,10,0.582468386,45.20820461,45.79067299,1.716831374
Mandarin,13011,sing,10,0.325098634,45.79067299,46.11577163,3.075989544
Mandarin,13011,sing,10,0.30477997,46.11577163,46.4205516,3.281055514
Mandarin,13011,sing,10,0.560210773,46.4205516,46.98076237,1.78504243
Mandarin,13011,sing,6,0.442149819,47.66695634,48.10910616,2.261676829
Mandarin,13011,sing,6,0.677288821,48.10910616,48.78639498,1.476474981
Mandarin,13011,sing,6,0.406373293,48.78639498,49.19276828,2.460791636
Mandarin,13011,sing,6,0.358963075,49.19276828,49.55173135,2.785801852
Mandarin,13011,sing,6,0.270915529,49.55173135,49.82264688,3.691187453
Mandarin,13011,sing,6,0.507966616,49.82264688,50.3306135,1.968633308
Mandarin,13011,sing,6,0.440237734,50.3306135,50.77085123,2.271499971
Mandarin,13011,sing,6,0.519600308,50.77085123,51.29045154,1.924556212
Mandarin,13011,sing,7,0.487975587,51.95343186,52.44140744,2.049282847
Mandarin,13011,sing,7,0.318325746,52.44140744,52.75973319,3.14143613
Mandarin,13011,sing,7,0.345417299,52.75973319,53.10515049,2.895048983
Mandarin,13011,sing,7,0.49442084,53.10515049,53.59957133,2.022568468
Mandarin,13011,sing,7,0.331871523,53.87725975,54.20913127,3.013214248
Mandarin,13011,sing,7,0.419919069,54.20913127,54.62905034,2.38141126
Mandarin,13011,sing,7,0.284461305,54.62905034,54.91351164,3.515416622
Mandarin,13011,sing,7,0.318325746,54.91351164,55.23183739,3.14143613
Mandarin,13011,sing,7,0.514411869,55.23183739,55.74624926,1.943967588
Mandarin,13011,sing,8,0.440565369,56.39278881,56.83335418,2.269810724
Mandarin,13011,sing,8,0.257369752,56.83335418,57.09072393,3.885460477
Mandarin,13011,sing,8,0.277688417,57.09072393,57.36841235,3.601158491
Mandarin,13011,sing,8,0.26414264,57.36841235,57.63255499,3.785833285
Mandarin,13011,sing,8,0.250596864,57.63255499,57.88315185,3.990472923
Mandarin,13011,sing,8,0.345417299,57.88315185,58.22856915,2.895048983
Mandarin,13011,sing,8,0.291234193,58.22856915,58.51980334,3.433662747
Mandarin,13011,sing,8,0.386054628,58.51980334,58.90585797,2.590306985
Mandarin,13011,sing,9,0.487975587,59.66174664,60.14972223,2.049282847
Mandarin,13011,sing,9,0.345417299,60.14972223,60.49513953,2.895048983
Mandarin,13011,sing,9,0.318325746,60.49513953,60.81346527,3.14143613
Mandarin,13011,sing,9,0.704380374,60.81346527,61.51784565,1.419687482
Mandarin,13011,sing,9,0.284461305,61.51784565,61.80230695,3.515416622
Mandarin,13011,sing,9,0.291234193,61.80230695,62.09354114,3.433662747
Mandarin,13011,sing,9,0.257369752,62.09354114,62.3509109,3.885460477
Mandarin,13011,sing,9,0.203186646,62.3509109,62.55409754,4.921583271
Mandarin,13011,sing,10,0.460556399,64.23139978,64.69195618,2.171286737
Mandarin,13011,sing,10,0.365735964,64.69195618,65.05769214,2.734212928
Mandarin,13011,sing,10,0.345417299,65.05769214,65.40310944,2.895048983
Mandarin,13011,sing,10,0.284461305,65.40310944,65.68757075,3.515416622
Mandarin,13011,sing,10,0.26414264,65.68757075,65.95171339,3.785833285
Mandarin,13011,sing,10,0.291234193,65.95171339,66.24294758,3.433662747
Mandarin,13011,sing,10,0.298007081,66.24294758,66.54095466,3.355624958
Mandarin,13011,sing,10,0.596014163,66.54095466,67.13696883,1.677812479
Mandarin,13011,sing,10,0.352190187,67.13696883,67.48915901,2.839374964
Mandarin,13011,sing,10,0.298007081,67.48915901,67.78716609,3.355624958
Mandarin,13011,sing,10,0.487647951,67.78716609,68.27481405,2.050659696
Mandarin,13011,sing,6,0.446081444,69.24964799,69.69572944,2.241743103
Mandarin,13011,sing,6,0.352190187,69.69572944,70.04791962,2.839374964
Mandarin,13011,sing,6,0.243823976,70.04791962,70.2917436,4.101319393
Mandarin,13011,sing,6,0.318325746,70.2917436,70.61006935,3.14143613
Mandarin,13011,sing,6,0.338644411,70.61006935,70.94871376,2.952949963
Mandarin,13011,sing,6,0.26414264,70.94871376,71.2128564,3.785833285
Mandarin,13011,sing,7,0.493137162,73.84672032,74.33985748,2.027833385
Mandarin,13011,sing,7,0.562149722,74.33985748,74.90200721,1.77888552
Mandarin,13011,sing,8,0.413801452,78.31314196,78.72694341,2.41661791
Mandarin,13011,sing,8,0.372508852,78.72694341,79.09945227,2.684499966
Mandarin,13011,sing,8,0.325098634,79.09945227,79.4245509,3.075989544
Mandarin,13011,sing,10,0.623105716,87.42445438,88.04756009,1.60486411
Mandarin,13012,conv,11,0.170528579,0,0.170528579,5.864119715
Mandarin,13012,conv,11,0.108366211,0.170528579,0.27889479,9.227968633
Mandarin,13012,conv,11,0.149003541,0.27889479,0.427898331,6.711249915
Mandarin,13012,conv,11,0.175491907,0.427898331,0.603390238,5.69826847
Mandarin,13012,conv,11,0.13207132,0.603390238,0.735461558,7.571666571
Mandarin,13012,conv,11,0.250596864,0.735461558,0.986058422,3.990472923
Mandarin,13012,conv,11,0.084661103,0.986058422,1.070719525,11.81179985
Mandarin,13012,conv,11,0.094820435,1.070719525,1.16553996,10.54624987
Mandarin,13012,conv,11,0.142230653,1.16553996,1.307770612,7.030833244
Mandarin,13012,conv,11,0.138844208,1.307770612,1.44661482,7.202316982
Mandarin,13012,conv,11,0.13207132,1.44661482,1.578686141,7.571666571
Mandarin,13012,conv,11,0.155776429,1.578686141,1.73446257,6.419456441
Mandarin,13012,conv,11,0.199800202,1.73446257,1.934262772,5.004999937
Mandarin,13012,conv,11,0.216732423,1.934262772,2.150995195,4.613984317
Mandarin,13012,conv,11,0.199800202,2.150995195,2.350795397,5.004999937
Mandarin,13012,conv,11,0.128684876,2.350795397,2.479480273,7.770920954
Mandarin,13012,conv,11,0.162549317,2.479480273,2.64202959,6.151979089
Mandarin,13012,conv,11,0.118525544,2.803966093,2.922491636,8.436999893
Mandarin,13012,conv,11,0.145617097,2.922491636,3.068108733,6.867325495
Mandarin,13012,conv,11,0.111752656,3.068108733,3.179861389,8.94833322
Mandarin,13012,conv,11,0.172708649,3.179861389,3.352570038,5.790097966
Mandarin,13012,conv,11,0.209959535,3.352570038,3.562529573,4.76282252
Mandarin,13012,conv,11,0.360179077,3.562529573,3.922708649,2.776396699
Mandarin,13012,conv,11,0.125298432,5.97870328,6.104001712,7.980945845
Mandarin,13012,conv,11,0.125298432,6.104001712,6.229300144,7.980945845
Mandarin,13012,conv,11,0.220118867,6.229300144,6.449419011,4.542999943
Mandarin,13012,conv,11,0.155776429,6.812132765,6.967909194,6.419456441
Mandarin,13012,conv,11,0.474102175,6.967909194,7.442011369,2.109249973
Mandarin,13012,conv,11,0.257369752,8.006843661,8.264213414,3.885460477
Mandarin,13012,conv,11,0.277688417,8.264213414,8.54190183,3.601158491
Mandarin,13012,conv,12,0.099639223,22.93102583,23.03066505,10.03620831
Mandarin,13012,conv,12,0.094820435,23.03066505,23.12548548,10.54624987
Mandarin,13012,conv,12,0.138844208,23.12548548,23.26432969,7.202316982
Mandarin,13012,conv,12,0.088047547,23.26432969,23.35237724,11.35749986
Mandarin,13012,conv,12,0.128684876,23.35237724,23.48106212,7.770920954
Mandarin,13012,conv,12,0.142230653,23.48106212,23.62329277,7.030833244
Mandarin,13012,conv,12,0.047410218,23.62329277,23.67070299,21.09249973
Mandarin,13012,conv,12,0.088047547,23.67070299,23.75875053,11.35749986
Mandarin,13012,conv,12,0.118525544,23.75875053,23.87727608,8.436999893
Mandarin,13012,conv,12,0.413146181,23.87727608,24.29042226,2.420450789
Mandarin,13012,conv,12,0.088047547,24.70768335,24.7957309,11.35749986
Mandarin,13012,conv,12,0.138844208,24.7957309,24.93457511,7.202316982
Mandarin,13012,conv,12,0.318325746,24.93457511,25.25290085,3.14143613
Mandarin,13012,conv,12,0.24721042,25.50011127,25.74732169,4.045136935
Mandarin,13012,conv,12,0.175912976,25.74732169,25.92323467,5.684628974
Mandarin,13012,conv,12,0.149003541,25.92323467,26.07223821,6.711249915
Mandarin,13012,conv,12,0.088047547,26.07223821,26.16028576,11.35749986
Mandarin,13012,conv,12,0.084661103,26.16028576,26.24494686,11.81179985
Mandarin,13012,conv,12,0.186254426,26.24494686,26.43120129,5.368999932
Mandarin,13012,conv,12,0.182867982,26.43120129,26.61406927,5.468425857
Mandarin,13012,conv,12,0.15275422,26.61406927,26.76682349,6.546463984
Mandarin,13012,conv,12,0.091433991,26.76682349,26.85825748,10.93685171
Mandarin,13012,conv,12,0.084661103,26.85825748,26.94291858,11.81179985
Mandarin,13012,conv,12,0.101593323,26.94291858,27.0445119,9.843166542
Mandarin,13012,conv,12,0.142230653,28.62280157,28.76503223,7.030833244
Mandarin,13012,conv,12,0.274301973,28.76503223,29.0393342,3.645617238
Mandarin,13012,conv,12,0.098206879,32.74912955,32.84733643,10.18258608
Mandarin,13012,conv,12,0.091433991,32.84733643,32.93877042,10.93685171
Mandarin,13012,conv,12,0.104979767,32.93877042,33.04375019,9.525645041
Mandarin,13012,conv,12,0.145617097,33.37464466,33.52026176,6.867325495
Mandarin,13012,conv,13,0.108366211,45.79658427,45.90495048,9.227968633
Mandarin,13012,conv,13,0.145617097,45.90495048,46.05056758,6.867325495
Mandarin,13012,conv,13,0.169322205,46.05056758,46.21988979,5.905899925
Mandarin,13012,conv,13,0.121911988,46.21988979,46.34180177,8.202638785
Mandarin,13012,conv,13,0.13207132,46.34180177,46.47387309,7.571666571
Mandarin,13012,conv,13,0.216732423,46.47387309,46.69060552,4.613984317
Mandarin,13012,conv,13,0.077888214,46.69060552,46.76849373,12.83891288
Mandarin,13012,conv,13,0.145617097,46.76849373,46.91411083,6.867325495
Mandarin,13012,conv,13,0.298007081,46.91411083,47.21211791,3.355624958
Mandarin,13012,conv,13,0.470715731,47.63542342,48.10613915,2.124424434
Mandarin,13012,conv,13,0.261484667,48.10613915,48.36762382,3.82431602
Mandarin,13012,conv,13,0.355576631,48.36762382,48.72320045,2.812333298
Mandarin,13012,conv,13,0.426691958,49.36298981,49.78968177,2.343611081
Mandarin,13012,conv,13,0.507966616,49.78968177,50.29764838,1.968633308
Mandarin,13012,conv,13,0.250596864,50.29764838,50.54824525,3.990472923
Mandarin,13012,conv,13,0.226891755,50.54824525,50.775137,4.407388004
Mandarin,13012,conv,13,0.37928174,50.775137,51.15441874,2.636562467
Mandarin,13012,conv,13,0.121911988,55.17256263,55.29447462,8.202638785
Mandarin,13012,conv,13,0.176095094,55.29447462,55.47056971,5.678749928
Mandarin,13012,conv,13,0.149003541,55.47056971,55.61957325,6.711249915
Mandarin,13012,conv,13,0.071115326,55.61957325,55.69068858,14.06166649
Mandarin,13012,conv,13,0.13207132,55.69068858,55.8227599,7.571666571
Mandarin,13012,conv,13,0.199800202,55.8227599,56.0225601,5.004999937
Mandarin,13012,conv,13,0.382668184,56.0225601,56.40522828,2.613230055
Mandarin,13012,conv,13,0.169322205,56.94690182,57.11622402,5.905899925
Mandarin,13012,conv,13,0.145617097,57.11622402,57.26184112,6.867325495
Mandarin,13012,conv,13,0.118525544,57.26184112,57.38036666,8.436999893
Mandarin,13012,conv,13,0.165935761,57.38036666,57.54630243,6.026428495
Mandarin,13012,conv,13,0.365735964,57.54630243,57.91203839,2.734212928
Mandarin,13012,conv,13,0.253983308,57.91203839,58.1660217,3.937266617
Mandarin,13012,conv,14,0.069161226,63.83659279,63.90575401,14.45896863
Mandarin,13012,conv,14,0.138844208,63.90575401,64.04459822,7.202316982
Mandarin,13012,conv,14,0.216732423,64.04459822,64.26133065,4.613984317
Mandarin,13012,conv,14,0.162549317,64.26133065,64.42387996,6.151979089
Mandarin,13012,conv,14,0.098206879,64.42387996,64.52208684,10.18258608
Mandarin,13012,conv,14,0.149003541,64.52208684,64.67109038,6.711249915
Mandarin,13012,conv,14,0.223505311,64.67109038,64.89459569,4.47416661
Mandarin,13012,conv,14,0.172708649,64.89459569,65.06730434,5.790097966
Mandarin,13012,conv,14,0.159162873,65.06730434,65.22646722,6.282872261
Mandarin,13012,conv,14,0.169322205,65.22646722,65.39578942,5.905899925
Mandarin,13012,conv,14,0.220118867,65.39578942,65.61590829,4.542999943
Mandarin,13012,conv,14,0.149003541,65.61590829,65.76491183,6.711249915
Mandarin,13012,conv,14,0.091433991,65.76491183,65.85634582,10.93685171
Mandarin,13012,conv,14,0.203186646,65.85634582,66.05953247,4.921583271
Mandarin,13012,conv,14,0.206573091,66.05953247,66.26610556,4.840901578
Mandarin,13012,conv,14,0.118525544,66.71304972,66.83157526,8.436999893
Mandarin,13012,conv,14,0.199800202,66.83157526,67.03137546,5.004999937
Mandarin,13012,conv,14,0.223505311,67.03137546,67.25488078,4.47416661
Mandarin,13012,conv,14,0.108366211,67.67479984,67.78316606,9.227968633
Mandarin,13012,conv,14,0.220118867,67.78316606,68.00328492,4.542999943
Mandarin,13012,conv,14,0.196413758,68.00328492,68.19969868,5.091293039
Mandarin,13012,conv,14,0.1151391,68.19969868,68.31483778,8.685146949
Mandarin,13012,conv,14,0.223505311,68.31483778,68.53834309,4.47416661
Mandarin,13012,conv,14,0.186254426,68.53834309,68.72459752,5.368999932
Mandarin,13012,conv,14,0.138844208,68.72459752,68.86344173,7.202316982
Mandarin,13012,conv,14,0.201323605,68.86344173,69.06476533,4.967127422
Mandarin,13012,conv,14,0.18964087,69.06476533,69.2544062,5.273124933
Mandarin,13012,conv,14,0.1151391,69.2544062,69.3695453,8.685146949
Mandarin,13012,conv,14,0.098206879,69.3695453,69.46775218,10.18258608
Mandarin,13012,conv,14,0.088047547,69.46775218,69.55579973,11.35749986
Mandarin,13012,conv,15,0.088047547,75.68274584,75.77079339,11.35749986
Mandarin,13012,conv,15,0.118525544,75.77079339,75.88931893,8.436999893
Mandarin,13012,conv,15,0.152389985,75.88931893,76.04170892,6.562111028
Mandarin,13012,conv,15,0.182867982,76.04170892,76.2245769,5.468425857
Mandarin,13012,conv,15,0.145617097,76.2245769,76.37019399,6.867325495
Mandarin,13012,conv,15,0.301393526,76.37019399,76.67158752,3.317921306
Mandarin,13012,conv,15,0.535058169,76.67158752,77.20664569,1.868955673
Mandarin,13012,conv,15,0.108366211,77.30485257,77.41321878,9.227968633
Mandarin,13012,conv,15,0.172708649,77.41321878,77.58592743,5.790097966
Mandarin,13012,conv,15,0.314939302,77.58592743,77.90086673,3.175215014
Mandarin,13012,conv,15,0.162549317,77.90086673,78.06341605,6.151979089
Mandarin,13012,conv,15,0.298007081,78.06341605,78.36142313,3.355624958
Mandarin,13012,conv,15,0.111934773,78.67977347,78.79170824,8.933774303
Mandarin,13012,conv,15,0.169322205,78.79170824,78.96103045,5.905899925
Mandarin,13012,conv,15,0.152389985,78.96103045,79.11342043,6.562111028
Mandarin,13012,conv,15,0.104979767,79.11342043,79.2184002,9.525645041
Mandarin,13012,conv,15,0.084661103,79.2184002,79.3030613,11.81179985
Mandarin,13012,conv,15,0.062126459,79.3030613,79.36518776,16.09620151
Mandarin,13012,conv,15,0.067728882,79.36518776,79.43291665,14.76474981
Mandarin,13012,conv,15,0.059785529,79.43291665,79.49270217,16.72645564
Mandarin,13012,conv,15,0.094297678,79.49270217,79.58699985,10.60471502
Mandarin,13012,conv,15,0.143923875,79.58699985,79.73092373,6.948117559
Mandarin,13012,conv,15,0.252812843,79.73092373,79.98373657,3.955495249
Mandarin,13012,conv,15,0.19810698,80.11192367,80.31003065,5.047777714
Mandarin,13012,conv,15,0.331871523,80.31003065,80.64190217,3.013214248
Mandarin,13012,conv,15,0.165935761,80.64190217,80.80783793,6.026428495
Mandarin,13012,conv,15,0.084661103,80.80783793,80.89249903,11.81179985
Mandarin,13012,conv,15,0.113445878,80.89249903,81.00594491,8.814776008
Mandarin,13012,conv,15,0.164242539,81.00594491,81.17018745,6.088556624
Mandarin,13012,conv,15,0.221812089,81.17018745,81.39199954,4.508320554
Mandarin,13012,conv,16,0.395447218,83.30931215,83.70475937,2.528782489
Mandarin,13012,conv,16,0.142230653,83.70475937,83.84699002,7.030833244
Mandarin,13012,conv,16,0.145617097,83.84699002,83.99260712,6.867325495
Mandarin,13012,conv,16,0.179481538,83.99260712,84.17208865,5.571603703
Mandarin,13012,conv,16,0.108366211,84.17208865,84.28045487,9.227968633
Mandarin,13012,conv,16,0.257369752,84.28045487,84.53782462,3.885460477
Mandarin,13012,conv,16,0.125298432,84.53782462,84.66312305,7.980945845
Mandarin,13012,conv,16,0.253983308,84.66312305,84.91710636,3.937266617
Mandarin,13012,conv,16,0.480875063,84.91710636,85.39798142,2.079542227
Mandarin,13012,conv,16,0.270915529,85.62480671,85.89572224,3.691187453
Mandarin,13012,conv,16,0.633265048,85.89572224,86.52898729,1.579117627
Mandarin,13012,conv,16,0.399600405,86.52898729,86.9285877,2.502499968
Mandarin,13012,conv,16,0.169322205,86.9285877,87.0979099,5.905899925
Mandarin,13012,conv,16,0.13207132,87.0979099,87.22998122,7.571666571
Mandarin,13012,conv,16,0.176095094,87.22998122,87.40607631,5.678749928
Mandarin,13012,conv,16,0.149003541,87.40607631,87.55507986,6.711249915
Mandarin,13012,conv,16,0.18964087,87.55507986,87.74472073,5.273124933
Mandarin,13012,conv,16,0.067728882,87.74472073,87.81244961,14.76474981
Mandarin,13012,conv,16,0.081274659,87.81244961,87.89372427,12.30395818
Mandarin,13012,conv,16,0.118525544,87.89372427,88.01224981,8.436999893
Mandarin,13012,conv,16,0.155776429,88.01224981,88.16802624,6.419456441
Mandarin,13012,conv,16,0.135457764,88.16802624,88.303484,7.382374907
Mandarin,13012,conv,17,0.182164108,89.38378427,89.56594838,5.489555599
Mandarin,13012,conv,17,0.179481538,89.56594838,89.74542992,5.571603703
Mandarin,13012,conv,17,0.162549317,89.74542992,89.90797923,6.151979089
Mandarin,13012,conv,17,0.104979767,89.90797923,90.012959,9.525645041
Mandarin,13012,conv,17,0.260756196,90.012959,90.2737152,3.834999952
Mandarin,13012,conv,17,0.338644411,90.2737152,90.61235961,2.952949963
Mandarin,13012,conv,17,0.226891755,90.61235961,90.83925136,4.407388004
Mandarin,13012,conv,17,0.308166414,90.83925136,91.14741778,3.244999959
Mandarin,13012,conv,17,0.504580172,91.14741778,91.65199795,1.981845613
Mandarin,13012,conv,17,0.13207132,91.74443359,91.87650491,7.571666571
Mandarin,13012,conv,17,0.149003541,91.87650491,92.02550845,6.711249915
Mandarin,13012,conv,17,0.524898837,92.02550845,92.55040728,1.905129008
Mandarin,13012,conv,17,0.108366211,92.86580188,92.97416809,9.227968633
Mandarin,13012,conv,17,0.101593323,92.97416809,93.07576141,9.843166542
Mandarin,13012,conv,17,0.149003541,93.07576141,93.22476496,6.711249915
Mandarin,13012,conv,17,0.162549317,93.22476496,93.38731427,6.151979089
Mandarin,13012,conv,17,0.142230653,93.38731427,93.52954492,7.030833244
Mandarin,13012,conv,17,0.138844208,93.52954492,93.66838913,7.202316982
Mandarin,13012,conv,17,0.179481538,93.66838913,93.84787067,5.571603703
Mandarin,13012,conv,17,0.145617097,93.84787067,93.99348777,6.867325495
Mandarin,13012,conv,17,0.128684876,93.99348777,94.12217264,7.770920954
Mandarin,13012,conv,17,0.216732423,94.12217264,94.33890507,4.613984317
Mandarin,13012,conv,17,0.240437532,94.33890507,94.5793426,4.159084454
Mandarin,13012,conv,17,0.155776429,94.5793426,94.73511903,6.419456441
Mandarin,13012,conv,17,0.182867982,94.73511903,94.91798701,5.468425857
Mandarin,13012,conv,17,0.111752656,94.91798701,95.02973966,8.94833322
Mandarin,13012,conv,17,0.216732423,95.02973966,95.24647209,4.613984317
Mandarin,13012,conv,17,0.241778817,95.24647209,95.4882509,4.136011636
Mandarin,13012,conv,17,0.430078402,95.4882509,95.91832931,2.325157451
Mandarin,13012,conv,17,0.250596864,95.91832931,96.16892617,3.990472923
Mandarin,13012,conv,16,0.37928174,142.4635162,142.8427979,2.636562467
Mandarin,13012,conv,16,0.325098634,142.8427979,143.1678965,3.075989544
Mandarin,13012,conv,16,0.169322205,143.1678965,143.3372187,5.905899925
Mandarin,13012,conv,16,0.196413758,143.3372187,143.5336325,5.091293039
Mandarin,13012,conv,16,0.135457764,145.3083704,145.4438281,7.382374907
Mandarin,13012,conv,16,0.149003541,145.4438281,145.5928317,6.711249915
Mandarin,13012,conv,16,0.155776429,145.5928317,145.7486081,6.419456441
Mandarin,13012,conv,16,0.135457764,145.7486081,145.8840659,7.382374907
Mandarin,13012,sing,11,0.819519474,1.579289327,2.398808801,1.220227257
Mandarin,13012,sing,11,0.223505311,2.398808801,2.622314112,4.47416661
Mandarin,13012,sing,11,0.352190187,2.622314112,2.974504299,2.839374964
Mandarin,13012,sing,11,0.331871523,2.974504299,3.306375822,3.013214248
Mandarin,13012,sing,11,0.345417299,3.306375822,3.651793121,2.895048983
Mandarin,13012,sing,11,0.277688417,3.651793121,3.929481538,3.601158491
Mandarin,13012,sing,11,0.325098634,3.929481538,4.254580172,3.075989544
Mandarin,13012,sing,11,0.650197269,4.254580172,4.904777441,1.537994772
Mandarin,13012,sing,11,0.386054628,4.904777441,5.290832069,2.590306985
Mandarin,13012,sing,11,0.250596864,5.290832069,5.541428933,3.990472923
Mandarin,13012,sing,11,0.629878604,5.541428933,6.171307537,1.587607507
Mandarin,13012,sing,12,0.607700852,6.866978555,7.474679407,1.645546483
Mandarin,13012,sing,12,0.392827516,7.474679407,7.867506924,2.54564652
Mandarin,13012,sing,12,0.331871523,7.867506924,8.199378446,3.013214248
Mandarin,13012,sing,12,0.365735964,8.199378446,8.56511441,2.734212928
Mandarin,13012,sing,12,0.291234193,8.56511441,8.856348603,3.433662747
Mandarin,13012,sing,12,0.365735964,8.856348603,9.222084567,2.734212928
Mandarin,13012,sing,12,0.325098634,9.222084567,9.547183201,3.075989544
Mandarin,13012,sing,12,0.636651492,9.547183201,10.18383469,1.570718065
Mandarin,13012,sing,12,0.372508852,10.18383469,10.55634354,2.684499966
Mandarin,13012,sing,12,0.30477997,10.55634354,10.86112351,3.281055514
Mandarin,13012,sing,12,0.570781697,10.86112351,11.43190521,1.751983297
Mandarin,13012,sing,13,0.176095094,12.08712411,12.2632192,5.678749928
Mandarin,13012,sing,13,0.345417299,12.2632192,12.6086365,2.895048983
Mandarin,13012,sing,13,0.514739504,12.6086365,13.12337601,1.942730239
Mandarin,13012,sing,13,0.602787051,13.12337601,13.72616306,1.658960653
Mandarin,13012,sing,13,0.399600405,13.72616306,14.12576346,2.502499968
Mandarin,13012,sing,13,0.30477997,14.12576346,14.43054343,3.281055514
Mandarin,13012,sing,13,0.507966616,14.43054343,14.93851005,1.968633308
Mandarin,13012,sing,13,0.358963075,14.93851005,15.29747312,2.785801852
Mandarin,13012,sing,13,0.277688417,15.29747312,15.57516154,3.601158491
Mandarin,13012,sing,13,0.491180916,15.57516154,16.06634246,2.035909719
Mandarin,13012,sing,14,0.588763024,16.80403164,17.39279467,1.698476227
Mandarin,13012,sing,14,0.507966616,17.39279467,17.90076128,1.968633308
Mandarin,13012,sing,14,0.270915529,17.90076128,18.17167681,3.691187453
Mandarin,13012,sing,14,0.521512393,18.17167681,18.6931892,1.917499976
Mandarin,13012,sing,14,0.358963075,18.6931892,19.05215228,2.785801852
Mandarin,13012,sing,14,0.311552858,19.05215228,19.36370514,3.20972822
Mandarin,13012,sing,14,0.575695498,19.36370514,19.93940063,1.73702939
Mandarin,13012,sing,14,0.277688417,19.93940063,20.21708905,3.601158491
Mandarin,13012,sing,14,0.325098634,20.21708905,20.54218769,3.075989544
Mandarin,13012,sing,14,0.623583966,20.54218769,21.16577165,1.603633278
Mandarin,13012,sing,15,0.203186646,21.69488214,21.89806879,4.921583271
Mandarin,13012,sing,15,0.26414264,21.89806879,22.16221143,3.785833285
Mandarin,13012,sing,15,0.467329287,22.16221143,22.62954071,2.139818814
Mandarin,13012,sing,15,0.237051088,22.62954071,22.8665918,4.218499947
Mandarin,13012,sing,15,0.975295903,22.8665918,23.8418877,1.025329848
Mandarin,13012,sing,15,0.284461305,23.8418877,24.12634901,3.515416622
Mandarin,13012,sing,15,0.345417299,24.12634901,24.47176631,2.895048983
Mandarin,13012,sing,15,0.345417299,24.47176631,24.81718361,2.895048983
Mandarin,13012,sing,15,0.358963075,24.81718361,25.17614668,2.785801852
Mandarin,13012,sing,15,0.291234193,25.17614668,25.46738087,3.433662747
Mandarin,13012,sing,15,0.636651492,25.46738087,26.10403237,1.570718065
Mandarin,13012,sing,16,0.636651492,26.63038118,27.26703267,1.570718065
Mandarin,13012,sing,16,0.311552858,27.26703267,27.57858553,3.20972822
Mandarin,13012,sing,16,0.331871523,27.57858553,27.91045705,3.013214248
Mandarin,13012,sing,16,0.331871523,27.91045705,28.24232857,3.013214248
Mandarin,13012,sing,16,0.30477997,28.24232857,28.54710854,3.281055514
Mandarin,13012,sing,16,0.298007081,28.54710854,28.84511563,3.355624958
Mandarin,13012,sing,16,0.338644411,28.84511563,29.18376004,2.952949963
Mandarin,13012,sing,16,0.345417299,29.18376004,29.52917734,2.895048983
Mandarin,13012,sing,17,0.532003455,30.57159257,31.10359603,1.87968704
Mandarin,13012,sing,17,0.514739504,31.10359603,31.61833553,1.942730239
Mandarin,13012,sing,17,0.819519474,31.61833553,32.43785501,1.220227257
Mandarin,13012,sing,17,0.30477997,32.43785501,32.74263498,3.281055514
Mandarin,13012,sing,17,0.311552858,32.74263498,33.05418784,3.20972822
Mandarin,13012,sing,17,0.18964087,33.05418784,33.24382871,5.273124933
Mandarin,13012,sing,17,0.237051088,33.24382871,33.48087979,4.218499947
Mandarin,13012,sing,17,0.311552858,33.48087979,33.79243265,3.20972822
Mandarin,13012,sing,17,0.592295988,34.15139573,34.74369171,1.68834505
Mandarin,13012,sing,11,0.649294682,37.60392529,38.25321997,1.540132743
Mandarin,13012,sing,11,0.26414264,38.25321997,38.51736261,3.785833285
Mandarin,13012,sing,11,0.277688417,38.51736261,38.79505103,3.601158491
Mandarin,13012,sing,11,0.277688417,38.79505103,39.07273944,3.601158491
Mandarin,13012,sing,11,0.325098634,39.07273944,39.39783808,3.075989544
Mandarin,13012,sing,11,0.318325746,39.39783808,39.71616383,3.14143613
Mandarin,13012,sing,11,0.372508852,39.71616383,40.08867268,2.684499966
Mandarin,13012,sing,11,0.555376834,40.08867268,40.64404951,1.800579246
Mandarin,13012,sing,11,0.345417299,40.64404951,40.98946681,2.895048983
Mandarin,13012,sing,11,0.298007081,40.98946681,41.28747389,3.355624958
Mandarin,13012,sing,11,0.651099855,41.28747389,41.93857375,1.535862729
Mandarin,13012,sing,12,0.631259441,42.53265144,43.16391088,1.584134724
Mandarin,13012,sing,12,0.30477997,43.16391088,43.46869085,3.281055514
Mandarin,13012,sing,12,0.331871523,43.46869085,43.80056237,3.013214248
Mandarin,13012,sing,12,0.270915529,43.80056237,44.0714779,3.691187453
Mandarin,13012,sing,12,0.338644411,44.0714779,44.41012231,2.952949963
Mandarin,13012,sing,12,0.257369752,44.41012231,44.66749207,3.885460477
Mandarin,13012,sing,12,0.277688417,44.66749207,44.94518048,3.601158491
Mandarin,13012,sing,12,0.589241275,44.94518048,45.53442176,1.69709768
Mandarin,13012,sing,12,0.30477997,45.53442176,45.83920173,3.281055514
Mandarin,13012,sing,12,0.325098634,45.83920173,46.16430036,3.075989544
Mandarin,13012,sing,12,0.574314662,46.16430036,46.73861502,1.741205766
Mandarin,13012,sing,13,0.212960333,47.34456462,47.55752495,4.695710156
Mandarin,13012,sing,13,0.203186646,47.55752495,47.7607116,4.921583271
Mandarin,13012,sing,13,0.562149722,47.7607116,48.32286132,1.77888552
Mandarin,13012,sing,13,0.507966616,48.32286132,48.83082793,1.968633308
Mandarin,13012,sing,13,0.325098634,48.83082793,49.15592657,3.075989544
Mandarin,13012,sing,13,0.345417299,49.15592657,49.50134387,2.895048983
Mandarin,13012,sing,13,0.216732423,49.50134387,49.71807629,4.613984317
Mandarin,13012,sing,13,0.250596864,49.71807629,49.96867315,3.990472923
Mandarin,13012,sing,13,0.291234193,49.96867315,50.25990735,3.433662747
Mandarin,13012,sing,13,0.284461305,50.25990735,50.54436865,3.515416622
Mandarin,13012,sing,13,0.471101376,50.54436865,51.01547003,2.122685371
Mandarin,13012,sing,14,0.495323426,51.67817919,52.17350262,2.018882912
Mandarin,13012,sing,14,0.419919069,52.17350262,52.59342169,2.38141126
Mandarin,13012,sing,14,0.311552858,52.59342169,52.90497455,3.20972822
Mandarin,13012,sing,14,0.501193728,52.90497455,53.40616827,1.995236461
Mandarin,13012,sing,14,0.325098634,53.40616827,53.73126691,3.075989544
Mandarin,13012,sing,14,0.243823976,53.73126691,53.97509088,4.101319393
Mandarin,13012,sing,14,0.582468386,53.97509088,54.55755927,1.716831374
Mandarin,13012,sing,14,0.284461305,54.55755927,54.84202057,3.515416622
Mandarin,13012,sing,14,0.365735964,54.84202057,55.20775654,2.734212928
Mandarin,13012,sing,14,0.601884465,55.20775654,55.809641,1.661448431
Mandarin,13012,sing,15,0.257608877,56.26964177,56.52725065,3.881853801
Mandarin,13012,sing,15,0.26414264,56.52725065,56.79139329,3.785833285
Mandarin,13012,sing,15,0.419919069,56.79139329,57.21131236,2.38141126
Mandarin,13012,sing,15,0.277688417,57.21131236,57.48900078,3.601158491
Mandarin,13012,sing,15,0.83306525,57.48900078,58.32206603,1.200386164
Mandarin,13012,sing,15,0.37928174,58.32206603,58.70134777,2.636562467
Mandarin,13012,sing,15,0.26414264,58.70134777,58.96549041,3.785833285
Mandarin,13012,sing,15,0.311552858,58.96549041,59.27704326,3.20972822
Mandarin,13012,sing,15,0.331871523,59.27704326,59.60891479,3.013214248
Mandarin,13012,sing,15,0.26414264,59.60891479,59.87305743,3.785833285
Mandarin,13012,sing,15,0.751551467,59.87305743,60.62460889,1.330580864
Mandarin,13012,sing,16,0.508444867,60.88490206,61.39334693,1.966781584
Mandarin,13012,sing,16,0.30477997,61.39334693,61.6981269,3.281055514
Mandarin,13012,sing,16,0.284461305,61.6981269,61.9825882,3.515416622
Mandarin,13012,sing,16,0.670515933,62.17222907,62.84274501,1.49138887
Mandarin,13012,sing,16,0.325098634,62.84274501,63.16784364,3.075989544
Mandarin,13012,sing,16,0.250596864,63.16784364,63.41844051,3.990472923
Mandarin,13012,sing,16,0.311552858,63.41844051,63.72999336,3.20972822
Mandarin,13012,sing,16,0.325098634,63.72999336,64.055092,3.075989544
Mandarin,13012,sing,16,0.26414264,64.055092,64.31923464,3.785833285
Mandarin,13012,sing,16,0.30477997,64.31923464,64.62401461,3.281055514
Mandarin,13012,sing,16,0.751312341,64.62401461,65.37532695,1.331004357
Mandarin,13012,sing,17,0.579652798,66.48905795,67.06871075,1.72517066
Mandarin,13012,sing,17,0.541831057,67.06871075,67.61054181,1.845593727
Mandarin,13012,sing,17,0.677288821,67.61054181,68.28783063,1.476474981
Mandarin,13012,sing,17,0.318325746,68.28783063,68.60615637,3.14143613
Mandarin,13012,sing,17,0.325098634,68.60615637,68.93125501,3.075989544
Mandarin,13012,sing,17,0.284461305,68.93125501,69.21571631,3.515416622
Mandarin,13012,sing,17,0.26414264,69.21571631,69.47985895,3.785833285
Mandarin,13012,sing,17,0.257369752,69.47985895,69.7372287,3.885460477
Mandarin,13012,sing,17,0.835880839,69.7372287,70.57310954,1.196342772
Mandarin,13012,sing,11,0.582468386,81.23029482,81.81276321,1.716831374
Mandarin,13012,sing,11,0.237051088,81.81276321,82.0498143,4.218499947
Mandarin,13012,sing,11,0.277688417,82.0498143,82.32750271,3.601158491
Mandarin,13012,sing,11,0.596014163,82.32750271,82.92351688,1.677812479
Mandarin,13012,sing,11,0.291234193,82.92351688,83.21475107,3.433662747
Mandarin,13012,sing,11,0.284461305,83.21475107,83.49921238,3.515416622
Mandarin,13012,sing,11,0.56892261,83.49921238,84.06813499,1.757708311
Mandarin,13012,sing,11,0.311552858,84.06813499,84.37968784,3.20972822
Mandarin,13012,sing,12,0.63898883,92.88189904,93.52088787,1.564972583
Mandarin,13012,sing,12,0.298007081,93.52088787,93.81889496,3.355624958
Mandarin,13012,sing,12,0.318325746,93.81889496,94.1372207,3.14143613
Mandarin,13012,sing,12,0.345417299,94.1372207,94.482638,2.895048983
Mandarin,13012,sing,12,0.298007081,94.482638,94.78064508,3.355624958
Mandarin,13012,sing,12,0.311552858,94.78064508,95.09219794,3.20972822
Mandarin,13012,sing,12,0.284461305,95.09219794,95.37665925,3.515416622
Mandarin,13012,sing,12,0.541831057,95.37665925,95.9184903,1.845593727
Mandarin,13012,sing,13,0.244063101,97.80499402,98.04905712,4.09730105
Mandarin,13012,sing,13,0.284461305,98.04905712,98.33351843,3.515416622
Mandarin,13012,sing,13,0.555376834,98.33351843,98.88889526,1.800579246
Mandarin,13012,sing,13,0.447010622,98.88889526,99.33590588,2.237083305
Mandarin,13012,sing,13,0.460556399,99.33590588,99.79646228,2.171286737
Mandarin,13012,sing,13,0.291234193,99.79646228,100.0876965,3.433662747
Mandarin,13012,sing,13,0.237051088,100.0876965,100.3247476,4.218499947
Mandarin,13012,sing,13,0.270915529,100.3247476,100.5956631,3.691187453
Mandarin,13012,sing,13,0.26414264,100.5956631,100.8598057,3.785833285
Mandarin,13012,sing,14,0.527089654,102.301397,102.8284867,1.89721045
Mandarin,13012,sing,14,0.447010622,102.8284867,103.2754973,2.237083305
Mandarin,13012,sing,14,0.277688417,103.2754973,103.5531857,3.601158491
Mandarin,13012,sing,14,0.555376834,103.5531857,104.1085626,1.800579246
Mandarin,13012,sing,14,0.338644411,104.1085626,104.447207,2.952949963
Mandarin,13012,sing,14,0.311552858,104.447207,104.7587598,3.20972822
Mandarin,13012,sing,14,0.460556399,104.7587598,105.2193162,2.171286737
Mandarin,13012,sing,14,0.331871523,105.2193162,105.5511878,3.013214248
Mandarin,13012,sing,14,0.325098634,105.5511878,105.8762864,3.075989544
Mandarin,13012,sing,14,0.8207151,105.8762864,106.6970015,1.218449617
Mandarin,13012,sing,15,0.209720409,107.0483969,107.2581173,4.768253138
Mandarin,13012,sing,15,0.30477997,107.2581173,107.5628973,3.281055514
Mandarin,13012,sing,15,0.514739504,107.5628973,108.0776368,1.942730239
Mandarin,13012,sing,15,0.257369752,108.0776368,108.3350066,3.885460477
Mandarin,13012,sing,15,0.853383915,108.3350066,109.1883905,1.171805541
Mandarin,13012,sing,15,0.257369752,109.1883905,109.4457602,3.885460477
Mandarin,13012,sing,15,0.243823976,109.4457602,109.6895842,4.101319393
Mandarin,13012,sing,15,0.365735964,109.6895842,110.0553202,2.734212928
Mandarin,13012,sing,16,0.637847119,111.860071,112.4979181,1.567773799
Mandarin,13012,sing,16,0.358963075,112.4979181,112.8568812,2.785801852
Mandarin,13012,sing,16,0.318325746,112.8568812,113.1752069,3.14143613
Mandarin,13012,sing,16,0.30477997,113.1752069,113.4799869,3.281055514
Mandarin,13012,sing,16,0.291234193,113.4799869,113.7712211,3.433662747
Mandarin,13012,sing,16,0.270915529,113.7712211,114.0421366,3.691187453
Mandarin,13012,sing,16,0.318325746,114.0421366,114.3604623,3.14143613
Mandarin,13012,sing,16,0.940235835,114.3604623,115.3006982,1.063562951
Mandarin,13012,sing,17,0.536678131,115.5857456,116.1224237,1.863314233
Mandarin,13012,sing,17,0.589241275,116.1224237,116.711665,1.69709768
Mandarin,13012,sing,17,0.839838139,116.711665,117.5515031,1.19070563
Mandarin,13012,sing,17,0.352190187,117.5515031,117.9036933,2.839374964
Mandarin,13012,sing,17,0.250596864,117.9036933,118.1542902,3.990472923
Mandarin,13012,sing,17,0.270915529,118.1542902,118.4252057,3.691187453
Mandarin,13012,sing,17,0.26414264,118.4252057,118.6893483,3.785833285
Mandarin,13012,sing,17,0.209959535,118.6893483,118.8993079,4.76282252
Mandarin,13012,sing,17,0.499573766,118.8993079,119.3988816,2.001706391
